{
  "Name": "Bottled Water",
  "Description": "Bottled water. Made from mineral rich spring water. Probably.",
  "Category": "Cooking",
  "Edibility": 10,
  "EdibleIsDrink": true,
  "EdibleBuffs": {
    "Farming": 0,
    "Foraging": 0,
    "Mining": 0,
    "Fishing": 0,
    "Luck": 0,
	"MaxStamina": 1,
    "Duration": 120,
  },
  "Price": 5,
  "CanPurchase": true,
  "PurchaseFrom": "Pierre",
  "PurchasePrice": 10,  
  "IsColored": false,

  "Recipe": {
    "ResultCount": 1,
    "Ingredients": [
      {
        "Object": "Water",
        "Count": 2,
      },
	],
    "IsDefault": true,
  },
  "GiftTastes":
    {
        "Love": ["Alex", "Abigail", "Linus"],
        "Like": [ "Caroline", "Clint", "Demetrius", "Elliott", "Emily", "Evelyn", "George", "Gus", "Harvey", "Jas", "Jodi", "Kent", "Leah", "Lewis", "Marnie", "Maru", "Pierre", "Robin", "Sam", "Sandy", "Vincent"],
        "Neutral": ["Dwarf", "Pam", "Penny", "Shane", "Willy", "Wizard"],
		"Dislike": ["Krobus"],
    },
  "NameLocalization":
    {
        /*"es": "", //Spansih
        "ko": "", //Korean
        "de": "", //German
        "fr": "", //French
        "hu": "", //Hungarian
        "it": "", //Italian
        "ja": "ボトル入りの水", //Japanese
        "pt": "", //Portuguese
        "ru": "", //Russian
        "tr": "", //Turkish*/
        "zh": "瓶装水", //Chinese (Simplified)
    },
  "DescriptionLocalization":
    {
        /*"es": "", //Spansih
        "ko": "", //Korean
        "de": "", //German
        "fr": "", //French
        "hu": "", //Hungarian
        "it": "", //Italian
        "ja": "ボトル入りの水。ミネラル豊富な湧き水で作られています。 多分。", //Japanese
        "pt": "", //Portuguese
        "ru": "", //Russian
        "tr": "", //Turkish*/
        "zh": "瓶装水。由富含矿物质的泉水制成。大概。", //Chinese (Simplified)
    }
}