[
	// Kettle
	{
		"ProducerName": "Kettle",
		"InputIdentifier": "Raw Water",
		"InputStack": 4,
		"FuelIdentifier": 388,
        "FuelStack": 1,
		"MinutesUntilReady": 20,
		"OutputIdentifier":"Water",
		"InputPriceBased": false,
		"KeepInputQuality": false,
		"OutputQuality": 0,
		"OutputStack": 4,
		"Sounds": ["Ship"],
        "PlacingAnimation": null,
        "PlacingAnimationColorName": "White",
	},

	// Rainwater Tank
	{
		"ProducerName": "Rainwater Tank",
		"InputIdentifier": null,
		"MinutesUntilReady": 120,
		"OutputIdentifier":"Raw Water",
		"InputPriceBased": false,
		"KeepInputQuality": false,
		"OutputQuality": 0,
		"OutputStack": 10,
		"Sounds": ["Ship"],
        "PlacingAnimation": null,
        "PlacingAnimationColorName": "White",
	},

	// Water Pump
	{
		"ProducerName": "Water Pump",
		"InputIdentifier": null,
		"MinutesUntilReady": 240,
		"OutputIdentifier":"Raw Water",
		"InputPriceBased": false,
		"KeepInputQuality": false,
		"OutputQuality": 0,
		"OutputStack": 10,
		"AdditionalOutputs": [
			{
				"OutputIdentifier": "Raw Water",
				"RequiredOutdoors": true,
			}
		],
		"Sounds": ["Ship"],
        "PlacingAnimation": null,
        "PlacingAnimationColorName": "White",
	},

	]